{
	"credit": "Made with Blockbench",
	"textures": {
		"0": "block/broken_stick",
		"particle": "block/broken_stick"
	},
	"elements": [
		{
			"from": [11.61597, 12.28622, 9.65],
			"to": [14.61597, 13.28622, 9.65],
			"rotation": {"angle": 22.5, "axis": "z", "origin": [9.71348, 12.3718, 9.65]},
			"faces": {
				"north": {"uv": [14, 2, 15, 5], "rotation": 270, "texture": "#0"},
				"east": {"uv": [14, 2, 15, 5], "texture": "#0"},
				"south": {"uv": [14, 2, 15, 5], "rotation": 90, "texture": "#0"},
				"west": {"uv": [14, 2, 15, 5], "rotation": 180, "texture": "#0"},
				"up": {"uv": [14, 2, 15, 5], "rotation": 90, "texture": "#0"},
				"down": {"uv": [14, 2, 15, 5], "rotation": 90, "texture": "#0"}
			}
		},
		{
			"from": [12.61597, 13.28622, 9.65],
			"to": [14.61597, 14.28622, 9.65],
			"rotation": {"angle": 22.5, "axis": "z", "origin": [9.71348, 12.3718, 9.65]},
			"faces": {
				"north": {"uv": [15, 2, 16, 4], "rotation": 270, "texture": "#0"},
				"east": {"uv": [15, 2, 16, 4], "texture": "#0"},
				"south": {"uv": [15, 2, 16, 4], "rotation": 90, "texture": "#0"},
				"west": {"uv": [15, 2, 16, 4], "rotation": 180, "texture": "#0"},
				"up": {"uv": [15, 2, 16, 4], "rotation": 90, "texture": "#0"},
				"down": {"uv": [15, 2, 16, 4], "rotation": 90, "texture": "#0"}
			}
		},
		{
			"from": [12.61597, 11.28622, 9.65],
			"to": [14.61597, 12.28622, 9.65],
			"rotation": {"angle": 22.5, "axis": "z", "origin": [9.71348, 12.3718, 9.65]},
			"faces": {
				"north": {"uv": [15, 2, 16, 4], "rotation": 270, "texture": "#0"},
				"east": {"uv": [15, 2, 16, 4], "texture": "#0"},
				"south": {"uv": [15, 2, 16, 4], "rotation": 90, "texture": "#0"},
				"west": {"uv": [15, 2, 16, 4], "rotation": 180, "texture": "#0"},
				"up": {"uv": [15, 2, 16, 4], "rotation": 90, "texture": "#0"},
				"down": {"uv": [15, 2, 16, 4], "rotation": 90, "texture": "#0"}
			}
		},
		{
			"from": [14.61597, 10.28622, 9.65],
			"to": [16.61597, 12.28622, 9.65],
			"rotation": {"angle": 22.5, "axis": "z", "origin": [9.71348, 12.3718, 9.65]},
			"faces": {
				"north": {"uv": [12, 0, 14, 2], "rotation": 270, "texture": "#0"},
				"east": {"uv": [12, 0, 14, 2], "texture": "#0"},
				"south": {"uv": [14, 0, 12, 2], "rotation": 90, "texture": "#0"},
				"west": {"uv": [12, 0, 14, 2], "rotation": 180, "texture": "#0"},
				"up": {"uv": [12, 0, 14, 2], "rotation": 90, "texture": "#0"},
				"down": {"uv": [12, 0, 14, 2], "rotation": 90, "texture": "#0"}
			}
		},
		{
			"from": [14.61597, 9.28622, 9.65],
			"to": [15.61597, 10.28622, 9.65],
			"rotation": {"angle": 22.5, "axis": "z", "origin": [9.71348, 12.3718, 9.65]},
			"faces": {
				"north": {"uv": [11, 1, 12, 2], "rotation": 270, "texture": "#0"},
				"east": {"uv": [11, 1, 12, 2], "texture": "#0"},
				"south": {"uv": [11, 1, 12, 2], "rotation": 90, "texture": "#0"},
				"west": {"uv": [11, 1, 12, 2], "rotation": 180, "texture": "#0"},
				"up": {"uv": [11, 1, 12, 2], "rotation": 90, "texture": "#0"},
				"down": {"uv": [11, 1, 12, 2], "rotation": 90, "texture": "#0"}
			}
		},
		{
			"from": [13.61597, 10.28622, 9.65],
			"to": [14.61597, 11.28622, 9.65],
			"rotation": {"angle": 22.5, "axis": "z", "origin": [9.71348, 12.3718, 9.65]},
			"faces": {
				"north": {"uv": [14, 1, 15, 2], "rotation": 270, "texture": "#0"},
				"east": {"uv": [14, 1, 15, 2], "texture": "#0"},
				"south": {"uv": [14, 1, 15, 2], "rotation": 90, "texture": "#0"},
				"west": {"uv": [14, 1, 15, 2], "rotation": 180, "texture": "#0"},
				"up": {"uv": [14, 1, 15, 2], "rotation": 90, "texture": "#0"},
				"down": {"uv": [14, 1, 15, 2], "rotation": 90, "texture": "#0"}
			}
		},
		{
			"from": [14.61597, 12.28622, 9.65],
			"to": [15.61597, 13.28622, 9.65],
			"rotation": {"angle": 22.5, "axis": "z", "origin": [9.71348, 12.3718, 9.65]},
			"faces": {
				"north": {"uv": [14, 1, 15, 2], "rotation": 270, "texture": "#0"},
				"east": {"uv": [14, 1, 15, 2], "texture": "#0"},
				"south": {"uv": [14, 1, 15, 2], "rotation": 90, "texture": "#0"},
				"west": {"uv": [14, 1, 15, 2], "rotation": 180, "texture": "#0"},
				"up": {"uv": [14, 1, 15, 2], "rotation": 90, "texture": "#0"},
				"down": {"uv": [14, 1, 15, 2], "rotation": 90, "texture": "#0"}
			}
		},
		{
			"from": [5.86122, 8.51172, 9.65],
			"to": [8.86122, 9.51172, 9.65],
			"rotation": {"angle": -22.5, "axis": "z", "origin": [9.71348, 12.3718, 9.65]},
			"faces": {
				"north": {"uv": [14, 2, 15, 5], "rotation": 90, "texture": "#0"},
				"east": {"uv": [14, 2, 15, 5], "texture": "#0"},
				"south": {"uv": [14, 2, 15, 5], "rotation": 270, "texture": "#0"},
				"west": {"uv": [14, 2, 15, 5], "rotation": 180, "texture": "#0"},
				"up": {"uv": [14, 2, 15, 5], "rotation": 270, "texture": "#0"},
				"down": {"uv": [14, 2, 15, 5], "rotation": 270, "texture": "#0"}
			}
		},
		{
			"from": [5.86122, 7.51172, 9.65],
			"to": [7.86122, 8.51172, 9.65],
			"rotation": {"angle": -22.5, "axis": "z", "origin": [9.71348, 12.3718, 9.65]},
			"faces": {
				"north": {"uv": [15, 2, 16, 4], "rotation": 90, "texture": "#0"},
				"east": {"uv": [15, 2, 16, 4], "texture": "#0"},
				"south": {"uv": [15, 2, 16, 4], "rotation": 270, "texture": "#0"},
				"west": {"uv": [15, 2, 16, 4], "rotation": 180, "texture": "#0"},
				"up": {"uv": [15, 2, 16, 4], "rotation": 270, "texture": "#0"},
				"down": {"uv": [15, 2, 16, 4], "rotation": 270, "texture": "#0"}
			}
		},
		{
			"from": [5.86122, 9.51172, 9.65],
			"to": [7.86122, 10.51172, 9.65],
			"rotation": {"angle": -22.5, "axis": "z", "origin": [9.71348, 12.3718, 9.65]},
			"faces": {
				"north": {"uv": [15, 2, 16, 4], "rotation": 90, "texture": "#0"},
				"east": {"uv": [15, 2, 16, 4], "texture": "#0"},
				"south": {"uv": [15, 2, 16, 4], "rotation": 270, "texture": "#0"},
				"west": {"uv": [15, 2, 16, 4], "rotation": 180, "texture": "#0"},
				"up": {"uv": [15, 2, 16, 4], "rotation": 270, "texture": "#0"},
				"down": {"uv": [15, 2, 16, 4], "rotation": 270, "texture": "#0"}
			}
		},
		{
			"from": [3.86122, 9.51172, 9.65],
			"to": [5.86122, 11.51172, 9.65],
			"rotation": {"angle": -22.5, "axis": "z", "origin": [9.71348, 12.3718, 9.65]},
			"faces": {
				"north": {"uv": [12, 0, 14, 2], "rotation": 90, "texture": "#0"},
				"east": {"uv": [12, 0, 14, 2], "texture": "#0"},
				"south": {"uv": [14, 0, 12, 2], "rotation": 270, "texture": "#0"},
				"west": {"uv": [12, 0, 14, 2], "rotation": 180, "texture": "#0"},
				"up": {"uv": [12, 0, 14, 2], "rotation": 270, "texture": "#0"},
				"down": {"uv": [12, 0, 14, 2], "rotation": 270, "texture": "#0"}
			}
		},
		{
			"from": [4.86122, 11.51172, 9.65],
			"to": [5.86122, 12.51172, 9.65],
			"rotation": {"angle": -22.5, "axis": "z", "origin": [9.71348, 12.3718, 9.65]},
			"faces": {
				"north": {"uv": [11, 1, 12, 2], "rotation": 90, "texture": "#0"},
				"east": {"uv": [11, 1, 12, 2], "texture": "#0"},
				"south": {"uv": [11, 1, 12, 2], "rotation": 270, "texture": "#0"},
				"west": {"uv": [11, 1, 12, 2], "rotation": 180, "texture": "#0"},
				"up": {"uv": [11, 1, 12, 2], "rotation": 270, "texture": "#0"},
				"down": {"uv": [11, 1, 12, 2], "rotation": 270, "texture": "#0"}
			}
		},
		{
			"from": [5.86122, 10.51172, 9.65],
			"to": [6.86122, 11.51172, 9.65],
			"rotation": {"angle": -22.5, "axis": "z", "origin": [9.71348, 12.3718, 9.65]},
			"faces": {
				"north": {"uv": [14, 1, 15, 2], "rotation": 90, "texture": "#0"},
				"east": {"uv": [14, 1, 15, 2], "texture": "#0"},
				"south": {"uv": [14, 1, 15, 2], "rotation": 270, "texture": "#0"},
				"west": {"uv": [14, 1, 15, 2], "rotation": 180, "texture": "#0"},
				"up": {"uv": [14, 1, 15, 2], "rotation": 270, "texture": "#0"},
				"down": {"uv": [14, 1, 15, 2], "rotation": 270, "texture": "#0"}
			}
		},
		{
			"from": [4.86122, 8.51172, 9.65],
			"to": [5.86122, 9.51172, 9.65],
			"rotation": {"angle": -22.5, "axis": "z", "origin": [9.71348, 12.3718, 9.65]},
			"faces": {
				"north": {"uv": [14, 1, 15, 2], "rotation": 90, "texture": "#0"},
				"east": {"uv": [14, 1, 15, 2], "texture": "#0"},
				"south": {"uv": [14, 1, 15, 2], "rotation": 270, "texture": "#0"},
				"west": {"uv": [14, 1, 15, 2], "rotation": 180, "texture": "#0"},
				"up": {"uv": [14, 1, 15, 2], "rotation": 270, "texture": "#0"},
				"down": {"uv": [14, 1, 15, 2], "rotation": 270, "texture": "#0"}
			}
		},
		{
			"from": [7.03186, 8.93143, 9.15],
			"to": [10.03186, 9.93143, 10.15],
			"rotation": {"angle": 0, "axis": "z", "origin": [9.71348, 12.3718, 9.65]},
			"faces": {
				"north": {"uv": [1, 9, 2, 12], "rotation": 270, "texture": "#0"},
				"east": {"uv": [0, 0, 1, 1], "rotation": 180, "texture": "#0"},
				"south": {"uv": [2, 4, 3, 7], "rotation": 90, "texture": "#0"},
				"west": {"uv": [0, 0, 1, 1], "texture": "#missing"},
				"up": {"uv": [1, 8, 2, 11], "rotation": 90, "texture": "#0"},
				"down": {"uv": [1, 2, 2, 5], "rotation": 90, "texture": "#0"}
			}
		},
		{
			"from": [10.92095, 13.52762, 9.15],
			"to": [11.92095, 16.52762, 10.15],
			"rotation": {"angle": 0, "axis": "z", "origin": [9.71348, 12.3718, 9.65]},
			"faces": {
				"north": {"uv": [2, 4, 3, 7], "texture": "#0"},
				"east": {"uv": [1, 1, 2, 4], "texture": "#0"},
				"south": {"uv": [0, 5, 1, 8], "texture": "#0"},
				"west": {"uv": [1, 8, 2, 11], "texture": "#0"},
				"up": {"uv": [1, 2, 2, 3], "rotation": 90, "texture": "#0"},
				"down": {"uv": [0, 0, 1, 1], "rotation": 270, "texture": "#missing"}
			}
		},
		{
			"from": [9.5, 3, 9.15],
			"to": [10.5, 15, 10.15],
			"rotation": {"angle": -45, "axis": "z", "origin": [9.71348, 12.3718, 9.65]},
			"faces": {
				"north": {"uv": [2, 0, 3, 12], "texture": "#0"},
				"east": {"uv": [3, 0, 4, 12], "texture": "#0"},
				"south": {"uv": [0, 0, 1, 12], "texture": "#0"},
				"west": {"uv": [1, 0, 2, 12], "texture": "#0"},
				"up": {"uv": [1, 2, 2, 3], "rotation": 90, "texture": "#0"},
				"down": {"uv": [0, 0, 1, 1], "rotation": 270, "texture": "#0"}
			}
		}
	],
	"groups": [
		{
			"name": "Stick",
			"origin": [8, 8, 8],
			"children": [
				{
					"name": "Leave",
					"origin": [8.5, 11.75, 8.65],
					"children": [0, 1, 2, 3, 4, 5, 6]
				},
				{
					"name": "Leave",
					"origin": [8.5, 11.75, 8.65],
					"children": [7, 8, 9, 10, 11, 12, 13]
				}, 14, 15, 16]
		}
	]
}