{
	"credit": "Made with Blockbench",
	"texture_size": [32, 32],
	"textures": {
		"0": "block/snail",
		"particle": "block/snail"
	},
	"elements": [
		{
			"from": [7, 0, 3],
			"to": [9, 1, 13],
			"rotation": {"angle": -22.5, "axis": "y", "origin": [7.875, 2.5, 4.5625]},
			"faces": {
				"north": {"uv": [8, 8, 9, 8.5], "texture": "#0"},
				"east": {"uv": [14.5, 8, 9.5, 8.5], "texture": "#0"},
				"south": {"uv": [15, 8, 16, 8.5], "texture": "#0"},
				"west": {"uv": [9.5, 8, 14.5, 8.5], "texture": "#0"},
				"up": {"uv": [13, 2.5, 14, 7.5], "texture": "#0"},
				"down": {"uv": [8, 9.5, 9, 14.5], "texture": "#0"}
			}
		},
		{
			"from": [7, 1, 3],
			"to": [9, 2, 6],
			"rotation": {"angle": -22.5, "axis": "y", "origin": [7.875, 2.5, 4.5625]},
			"faces": {
				"north": {"uv": [8, 7.5, 9, 8], "texture": "#0"},
				"east": {"uv": [11, 7.5, 9.5, 8], "texture": "#0"},
				"south": {"uv": [0, 0, 1, 0.5], "texture": "#missing"},
				"west": {"uv": [9.5, 7.5, 11, 8], "texture": "#0"},
				"up": {"uv": [10.5, 6, 12, 7], "rotation": 90, "texture": "#0"},
				"down": {"uv": [0, 0, 1, 1.5], "texture": "#missing"}
			}
		},
		{
			"from": [7, 2, 3],
			"to": [7, 3, 4],
			"rotation": {"angle": -22.5, "axis": "y", "origin": [7.875, 2.5, 4.5625]},
			"faces": {
				"north": {"uv": [9.5, 7, 10, 7.5], "texture": "#0"},
				"east": {"uv": [9.5, 7, 10, 7.5], "texture": "#0"},
				"south": {"uv": [9.5, 7, 10, 7.5], "texture": "#0"},
				"west": {"uv": [9.5, 7, 10, 7.5], "texture": "#0"},
				"up": {"uv": [9.5, 7, 10, 7.5], "texture": "#0"},
				"down": {"uv": [9.5, 7, 10, 7.5], "texture": "#0"}
			}
		},
		{
			"from": [7, 3, 2],
			"to": [7, 4, 3],
			"rotation": {"angle": -22.5, "axis": "y", "origin": [7.875, 2.5, 4.5625]},
			"faces": {
				"north": {"uv": [9.5, 7, 10, 7.5], "rotation": 90, "texture": "#0"},
				"east": {"uv": [9.5, 7, 10, 7.5], "rotation": 90, "texture": "#0"},
				"south": {"uv": [9.5, 7, 10, 7.5], "rotation": 90, "texture": "#0"},
				"west": {"uv": [9.5, 7, 10, 7.5], "rotation": 90, "texture": "#0"},
				"up": {"uv": [9.5, 7, 10, 7.5], "rotation": 90, "texture": "#0"},
				"down": {"uv": [9.5, 7, 10, 7.5], "rotation": 90, "texture": "#0"}
			}
		},
		{
			"from": [9, 2, 3],
			"to": [9, 3, 4],
			"rotation": {"angle": -22.5, "axis": "y", "origin": [7.875, 2.5, 4.5625]},
			"faces": {
				"north": {"uv": [9.5, 7, 10, 7.5], "texture": "#0"},
				"east": {"uv": [9.5, 7, 10, 7.5], "texture": "#0"},
				"south": {"uv": [9.5, 7, 10, 7.5], "texture": "#0"},
				"west": {"uv": [9.5, 7, 10, 7.5], "texture": "#0"},
				"up": {"uv": [9.5, 7, 10, 7.5], "texture": "#0"},
				"down": {"uv": [9.5, 7, 10, 7.5], "texture": "#0"}
			}
		},
		{
			"from": [9, 3, 2],
			"to": [9, 4, 3],
			"rotation": {"angle": -22.5, "axis": "y", "origin": [7.875, 2.5, 4.5625]},
			"faces": {
				"north": {"uv": [9.5, 7, 10, 7.5], "texture": "#0"},
				"east": {"uv": [9.5, 7, 10, 7.5], "texture": "#0"},
				"south": {"uv": [9.5, 7, 10, 7.5], "texture": "#0"},
				"west": {"uv": [9.5, 7, 10, 7.5], "texture": "#0"},
				"up": {"uv": [9.5, 7, 10, 7.5], "texture": "#0"},
				"down": {"uv": [9.5, 7, 10, 7.5], "texture": "#0"}
			}
		},
		{
			"from": [6.5, 1, 6],
			"to": [9.5, 6, 11],
			"rotation": {"angle": -22.5, "axis": "y", "origin": [7.875, 2.5, 4.5625]},
			"faces": {
				"north": {"uv": [2.5, 8, 4, 10.5], "texture": "#0"},
				"east": {"uv": [7, 8, 4.5, 10.5], "texture": "#0"},
				"south": {"uv": [0.5, 8, 2, 10.5], "texture": "#0"},
				"west": {"uv": [4.5, 8, 7, 10.5], "texture": "#0"},
				"up": {"uv": [4.5, 6, 7, 7.5], "rotation": 90, "texture": "#0"},
				"down": {"uv": [4.5, 11, 7, 12.5], "rotation": 90, "texture": "#0"}
			}
		}
	],
	"display": {
		"head": {
			"rotation": [0, 22.5, 0],
			"translation": [1.25, 6, -0.25]
		}
	}
}