{
	"credit": "Made with Blockbench",
	"texture_size": [32, 32],
	"textures": {
		"0": "block/bookofspells",
		"particle": "block/bookofspells"
	},
	"elements": [
		{
			"from": [3, 5.75, -0.5],
			"to": [13, 6.75, 7.5],
			"rotation": {"angle": 22.5, "axis": "x", "origin": [8, 7, 7.5]},
			"faces": {
				"north": {"uv": [1, 6, 6, 6.5], "rotation": 180, "texture": "#0"},
				"east": {"uv": [6.5, 1.5, 7, 5.5], "rotation": 270, "texture": "#0"},
				"south": {"uv": [1, 7, 6, 7.5], "texture": "#0"},
				"west": {"uv": [0, 1.5, 0.5, 5.5], "rotation": 90, "texture": "#0"},
				"up": {"uv": [1, 1.5, 6, 5.5], "rotation": 180, "texture": "#0"},
				"down": {"uv": [1, 1.5, 6, 5.5], "texture": "#0"}
			}
		},
		{
			"from": [3, 5.75, 7.5],
			"to": [13, 6.75, 15.5],
			"rotation": {"angle": -22.5, "axis": "x", "origin": [8, 7, 7.5]},
			"faces": {
				"north": {"uv": [1, 7, 6, 7.5], "rotation": 180, "texture": "#0"},
				"east": {"uv": [6.5, 1.5, 7, 5.5], "rotation": 90, "texture": "#0"},
				"south": {"uv": [1, 6, 6, 6.5], "texture": "#0"},
				"west": {"uv": [0, 1.5, 0.5, 5.5], "rotation": 270, "texture": "#0"},
				"up": {"uv": [1, 1.5, 6, 5.5], "texture": "#0"},
				"down": {"uv": [1, 1.5, 6, 5.5], "rotation": 180, "texture": "#0"}
			}
		},
		{
			"from": [3.5, 6, 7.5],
			"to": [12.5, 7, 14.5],
			"rotation": {"angle": -22.5, "axis": "x", "origin": [8, 6.5, 7.5]},
			"faces": {
				"north": {"uv": [1.5, 8, 6, 8.5], "rotation": 180, "texture": "#0"},
				"east": {"uv": [5.5, 8, 6, 11.5], "rotation": 90, "texture": "#0"},
				"south": {"uv": [1.5, 11, 6, 11.5], "texture": "#0"},
				"west": {"uv": [2.5, 8, 3, 11.5], "rotation": 270, "texture": "#0"},
				"up": {"uv": [1.5, 8, 6, 11.5], "texture": "#0"},
				"down": {"uv": [1.5, 8, 6, 11.5], "rotation": 180, "texture": "#0"}
			}
		},
		{
			"from": [3.5, 6, 0.5],
			"to": [12.5, 7, 7.5],
			"rotation": {"angle": 22.5, "axis": "x", "origin": [8, 6.5, 7.5]},
			"faces": {
				"north": {"uv": [1.5, 11, 6, 11.5], "rotation": 180, "texture": "#0"},
				"east": {"uv": [5.5, 8, 6, 11.5], "rotation": 270, "texture": "#0"},
				"south": {"uv": [1.5, 8, 6, 8.5], "texture": "#0"},
				"west": {"uv": [2.5, 8, 3, 11.5], "rotation": 90, "texture": "#0"},
				"up": {"uv": [1.5, 8, 6, 11.5], "rotation": 180, "texture": "#0"},
				"down": {"uv": [1.5, 8, 6, 11.5], "texture": "#0"}
			}
		},
		{
			"from": [3.5, 7.5, 7.4],
			"to": [12.5, 14.5, 7.4],
			"rotation": {"angle": -45, "axis": "x", "origin": [8, 7.5, 8.9]},
			"faces": {
				"north": {"uv": [1.5, 8, 6, 11.5], "rotation": 180, "texture": "#0"},
				"east": {"uv": [5.5, 8, 6, 11.5], "rotation": 180, "texture": "#0"},
				"south": {"uv": [1.5, 8, 6, 11.5], "rotation": 180, "texture": "#0"},
				"west": {"uv": [2.5, 8, 3, 11.5], "rotation": 180, "texture": "#0"},
				"up": {"uv": [1.5, 11, 6, 11.5], "texture": "#0"},
				"down": {"uv": [1.5, 8, 6, 8.5], "texture": "#0"}
			}
		},
		{
			"from": [3.5, 5.5, 6.9],
			"to": [12.5, 12.5, 6.9],
			"rotation": {"angle": 45, "axis": "x", "origin": [8, 5.5, 8.4]},
			"faces": {
				"north": {"uv": [1.5, 8, 6, 11.5], "rotation": 180, "texture": "#0"},
				"east": {"uv": [5.5, 8, 6, 11.5], "rotation": 180, "texture": "#0"},
				"south": {"uv": [1.5, 8, 6, 11.5], "rotation": 180, "texture": "#0"},
				"west": {"uv": [2.5, 8, 3, 11.5], "rotation": 180, "texture": "#0"},
				"up": {"uv": [1.5, 11, 6, 11.5], "texture": "#0"},
				"down": {"uv": [1.5, 8, 6, 8.5], "texture": "#0"}
			}
		},
		{
			"from": [3.1, 5.5, 6.5],
			"to": [12.9, 6.5, 8.5],
			"rotation": {"angle": 0, "axis": "x", "origin": [8, 6, 7.5]},
			"faces": {
				"north": {"uv": [1, 0, 6, 0.5], "texture": "#0"},
				"east": {"uv": [5, 0, 6, 0.5], "texture": "#0"},
				"south": {"uv": [1, 0.5, 6, 1], "texture": "#0"},
				"west": {"uv": [2.5, 0, 3.5, 0.5], "texture": "#0"},
				"up": {"uv": [1, 0, 6, 1], "texture": "#0"},
				"down": {"uv": [1, 0, 6, 1], "texture": "#0"}
			}
		}
	],
	"display": {
		"gui": {
			"rotation": [20, 43, 46],
			"translation": [1, 0, 0]
		}
	}
}