{
	"credit": "Made with Blockbench",
	"textures": {
		"0": "block/stone",
		"particle": "block/stone"
	},
	"elements": [
		{
			"from": [4, 0, 6],
			"to": [7, 2, 9],
			"rotation": {"angle": 0, "axis": "y", "origin": [14, 8, 14]},
			"faces": {
				"north": {"uv": [0, 0, 3, 2], "texture": "#0"},
				"east": {"uv": [2, 6, 5, 8], "texture": "#0"},
				"south": {"uv": [6, 9, 9, 11], "texture": "#0"},
				"west": {"uv": [5, 1, 8, 3], "texture": "#0"},
				"up": {"uv": [0, 0, 3, 3], "texture": "#0"},
				"down": {"uv": [0, 0, 3, 3], "texture": "#0"}
			}
		},
		{
			"from": [7, 0, 7],
			"to": [12, 4, 12],
			"rotation": {"angle": 0, "axis": "y", "origin": [15, 8, 17]},
			"faces": {
				"north": {"uv": [10, 9, 15, 13], "texture": "#0"},
				"east": {"uv": [1, 4, 6, 8], "texture": "#0"},
				"south": {"uv": [9, 2, 14, 6], "texture": "#0"},
				"west": {"uv": [4, 3, 9, 7], "texture": "#0"},
				"up": {"uv": [10, 1, 14, 5], "texture": "#0"},
				"down": {"uv": [2, 4, 6, 8], "texture": "#0"}
			}
		},
		{
			"from": [11, 0, 3],
			"to": [13, 1, 5],
			"rotation": {"angle": 0, "axis": "y", "origin": [20, 8, 11]},
			"faces": {
				"north": {"uv": [0, 0, 2, 1], "texture": "#0"},
				"east": {"uv": [0, 0, 2, 1], "texture": "#0"},
				"south": {"uv": [0, 0, 2, 1], "texture": "#0"},
				"west": {"uv": [0, 0, 2, 1], "texture": "#0"},
				"up": {"uv": [1, 1, 3, 3], "texture": "#0"},
				"down": {"uv": [13, 12, 15, 14], "texture": "#0"}
			}
		},
		{
			"from": [5, 0, 11],
			"to": [8, 1, 14],
			"rotation": {"angle": 0, "axis": "y", "origin": [13, 8, 19]},
			"faces": {
				"north": {"uv": [0, 0, 3, 1], "texture": "#0"},
				"east": {"uv": [0, 0, 3, 1], "texture": "#0"},
				"south": {"uv": [0, 0, 3, 1], "texture": "#0"},
				"west": {"uv": [0, 0, 3, 1], "texture": "#0"},
				"up": {"uv": [0, 0, 3, 3], "texture": "#0"},
				"down": {"uv": [10, 6, 13, 9], "texture": "#0"}
			}
		}
	]
}