{
	"credit": "Made with Blockbench",
	"texture_size": [32, 32],
	"textures": {
		"0": "block/emerald_staff",
		"particle": "block/emerald_staff"
	},
	"elements": [
		{
			"from": [7, 0, 7],
			"to": [9, 16, 9],
			"rotation": {"angle": 0, "axis": "y", "origin": [16, 8, 15]},
			"faces": {
				"north": {"uv": [0, 8, 1, 16], "texture": "#0"},
				"east": {"uv": [0, 8, 1, 16], "texture": "#0"},
				"south": {"uv": [0, 8, 1, 16], "texture": "#0"},
				"west": {"uv": [0, 8, 1, 16], "texture": "#0"},
				"up": {"uv": [1.5, 8, 2.5, 9], "texture": "#0"},
				"down": {"uv": [3, 8, 4, 9], "texture": "#0"}
			}
		},
		{
			"from": [4, 13, 4],
			"to": [12, 23, 12],
			"rotation": {"angle": 0, "axis": "y", "origin": [14, 21, 12]},
			"faces": {
				"north": {"uv": [0, 0, 4, 5], "texture": "#0"},
				"east": {"uv": [8, 0, 4, 5], "texture": "#0"},
				"south": {"uv": [8, 0, 12, 5], "texture": "#0"},
				"west": {"uv": [4, 0, 8, 5], "texture": "#0"},
				"up": {"uv": [12, 0, 16, 4], "texture": "#0"},
				"down": {"uv": [12, 4, 16, 8], "texture": "#0"}
			}
		},
		{
			"from": [7, 13, 2],
			"to": [9, 17, 4],
			"rotation": {"angle": 0, "axis": "y", "origin": [16, 24, 11]},
			"faces": {
				"north": {"uv": [0, 4.5, 1, 6.5], "texture": "#0"},
				"east": {"uv": [0, 4.5, 1, 6.5], "texture": "#0"},
				"south": {"uv": [0, 4.5, 1, 6.5], "texture": "#0"},
				"west": {"uv": [0, 4.5, 1, 6.5], "texture": "#0"},
				"up": {"uv": [0, 4.5, 1, 5.5], "rotation": 270, "texture": "#0"},
				"down": {"uv": [14, 4, 15, 5], "texture": "#0"}
			}
		}
	],
	"display": {
		"thirdperson_righthand": {
			"translation": [0, 2, 1.75]
		},
		"thirdperson_lefthand": {
			"translation": [0, 2, 2.75]
		},
		"firstperson_righthand": {
			"rotation": [12, 0, 0],
			"translation": [3, -6.5, 0]
		},
		"gui": {
			"rotation": [9, -163, -19],
			"translation": [1, -2.5, 0],
			"scale": [0.75, 0.75, 0.75]
		},
		"head": {
			"rotation": [27, -52, 40],
			"translation": [0, 3.25, 0]
		}
	}
}