{
	"credit": "Made with Blockbench",
	"textures": {
		"0": "block/broken_stick",
		"particle": "block/broken_stick"
	},
	"elements": [
		{
			"from": [7.5, 3, 9.15],
			"to": [8.5, 15, 10.15],
			"rotation": {"angle": 0, "axis": "y", "origin": [7.75, 8.75, 9.15]},
			"faces": {
				"north": {"uv": [2, 0, 3, 12], "texture": "#0"},
				"east": {"uv": [3, 0, 4, 12], "texture": "#0"},
				"south": {"uv": [0, 0, 1, 12], "texture": "#0"},
				"west": {"uv": [1, 0, 2, 12], "texture": "#0"},
				"up": {"uv": [1, 2, 2, 3], "rotation": 90, "texture": "#0"},
				"down": {"uv": [0, 0, 1, 1], "rotation": 270, "texture": "#0"}
			}
		},
		{
			"from": [7.25, 14.25, 9.15],
			"to": [8.25, 17.25, 10.15],
			"rotation": {"angle": 45, "axis": "z", "origin": [7.75, 14.75, 9.65]},
			"faces": {
				"north": {"uv": [2, 4, 3, 7], "texture": "#0"},
				"east": {"uv": [1, 1, 2, 4], "texture": "#0"},
				"south": {"uv": [0, 5, 1, 8], "texture": "#0"},
				"west": {"uv": [1, 8, 2, 11], "texture": "#0"},
				"up": {"uv": [1, 2, 2, 3], "rotation": 90, "texture": "#0"},
				"down": {"uv": [0, 0, 1, 1], "rotation": 270, "texture": "#missing"}
			}
		},
		{
			"from": [7.75, 8.25, 9.15],
			"to": [8.75, 11.25, 10.15],
			"rotation": {"angle": -45, "axis": "z", "origin": [8.25, 8.75, 9.65]},
			"faces": {
				"north": {"uv": [1, 9, 2, 12], "texture": "#0"},
				"east": {"uv": [1, 2, 2, 5], "texture": "#0"},
				"south": {"uv": [2, 4, 3, 7], "texture": "#0"},
				"west": {"uv": [1, 8, 2, 11], "texture": "#0"},
				"up": {"uv": [0, 0, 1, 1], "rotation": 90, "texture": "#0"},
				"down": {"uv": [0, 0, 1, 1], "rotation": 270, "texture": "#missing"}
			}
		},
		{
			"from": [7.75, 14.25, 9.65],
			"to": [8.75, 17.25, 9.65],
			"rotation": {"angle": -22.5, "axis": "z", "origin": [8.25, 14.75, 9.15]},
			"faces": {
				"north": {"uv": [14, 2, 15, 5], "texture": "#0"},
				"east": {"uv": [14, 2, 15, 5], "texture": "#0"},
				"south": {"uv": [14, 2, 15, 5], "texture": "#0"},
				"west": {"uv": [14, 2, 15, 5], "texture": "#0"},
				"up": {"uv": [14, 2, 15, 5], "rotation": 270, "texture": "#0"},
				"down": {"uv": [14, 2, 15, 5], "rotation": 90, "texture": "#0"}
			}
		},
		{
			"from": [6.75, 15.25, 9.65],
			"to": [7.75, 17.25, 9.65],
			"rotation": {"angle": -22.5, "axis": "z", "origin": [8.25, 14.75, 9.15]},
			"faces": {
				"north": {"uv": [15, 2, 16, 4], "texture": "#0"},
				"east": {"uv": [15, 2, 16, 4], "texture": "#0"},
				"south": {"uv": [15, 2, 16, 4], "texture": "#0"},
				"west": {"uv": [15, 2, 16, 4], "texture": "#0"},
				"up": {"uv": [15, 2, 16, 4], "rotation": 270, "texture": "#0"},
				"down": {"uv": [15, 2, 16, 4], "rotation": 90, "texture": "#0"}
			}
		},
		{
			"from": [8.75, 15.25, 9.65],
			"to": [9.75, 17.25, 9.65],
			"rotation": {"angle": -22.5, "axis": "z", "origin": [8.25, 14.75, 9.15]},
			"faces": {
				"north": {"uv": [15, 2, 16, 4], "texture": "#0"},
				"east": {"uv": [15, 2, 16, 4], "texture": "#0"},
				"south": {"uv": [15, 2, 16, 4], "texture": "#0"},
				"west": {"uv": [15, 2, 16, 4], "texture": "#0"},
				"up": {"uv": [15, 2, 16, 4], "rotation": 270, "texture": "#0"},
				"down": {"uv": [15, 2, 16, 4], "rotation": 90, "texture": "#0"}
			}
		},
		{
			"from": [8.75, 17.25, 9.65],
			"to": [10.75, 19.25, 9.65],
			"rotation": {"angle": -22.5, "axis": "z", "origin": [8.25, 14.75, 9.15]},
			"faces": {
				"north": {"uv": [12, 0, 14, 2], "texture": "#0"},
				"east": {"uv": [12, 0, 14, 2], "texture": "#0"},
				"south": {"uv": [14, 0, 12, 2], "texture": "#0"},
				"west": {"uv": [12, 0, 14, 2], "texture": "#0"},
				"up": {"uv": [12, 0, 14, 2], "rotation": 270, "texture": "#0"},
				"down": {"uv": [12, 0, 14, 2], "rotation": 90, "texture": "#0"}
			}
		},
		{
			"from": [10.75, 17.25, 9.65],
			"to": [11.75, 18.25, 9.65],
			"rotation": {"angle": -22.5, "axis": "z", "origin": [8.25, 14.75, 9.15]},
			"faces": {
				"north": {"uv": [11, 1, 12, 2], "texture": "#0"},
				"east": {"uv": [11, 1, 12, 2], "texture": "#0"},
				"south": {"uv": [11, 1, 12, 2], "texture": "#0"},
				"west": {"uv": [11, 1, 12, 2], "texture": "#0"},
				"up": {"uv": [11, 1, 12, 2], "rotation": 270, "texture": "#0"},
				"down": {"uv": [11, 1, 12, 2], "rotation": 90, "texture": "#0"}
			}
		},
		{
			"from": [9.75, 16.25, 9.65],
			"to": [10.75, 17.25, 9.65],
			"rotation": {"angle": -22.5, "axis": "z", "origin": [8.25, 14.75, 9.15]},
			"faces": {
				"north": {"uv": [14, 1, 15, 2], "texture": "#0"},
				"east": {"uv": [14, 1, 15, 2], "texture": "#0"},
				"south": {"uv": [14, 1, 15, 2], "texture": "#0"},
				"west": {"uv": [14, 1, 15, 2], "texture": "#0"},
				"up": {"uv": [14, 1, 15, 2], "rotation": 270, "texture": "#0"},
				"down": {"uv": [14, 1, 15, 2], "rotation": 90, "texture": "#0"}
			}
		},
		{
			"from": [7.75, 17.25, 9.65],
			"to": [8.75, 18.25, 9.65],
			"rotation": {"angle": -22.5, "axis": "z", "origin": [8.25, 14.75, 9.15]},
			"faces": {
				"north": {"uv": [14, 1, 15, 2], "texture": "#0"},
				"east": {"uv": [14, 1, 15, 2], "texture": "#0"},
				"south": {"uv": [14, 1, 15, 2], "texture": "#0"},
				"west": {"uv": [14, 1, 15, 2], "texture": "#0"},
				"up": {"uv": [14, 1, 15, 2], "rotation": 270, "texture": "#0"},
				"down": {"uv": [14, 1, 15, 2], "rotation": 90, "texture": "#0"}
			}
		},
		{
			"from": [5.25, 8.25, 9.65],
			"to": [8.25, 9.25, 9.65],
			"rotation": {"angle": 22.5, "axis": "z", "origin": [7.75, 8.75, 9.15]},
			"faces": {
				"north": {"uv": [14, 2, 15, 5], "rotation": 90, "texture": "#0"},
				"east": {"uv": [14, 2, 15, 5], "texture": "#0"},
				"south": {"uv": [14, 2, 15, 5], "rotation": 270, "texture": "#0"},
				"west": {"uv": [14, 2, 15, 5], "rotation": 180, "texture": "#0"},
				"up": {"uv": [14, 2, 15, 5], "rotation": 270, "texture": "#0"},
				"down": {"uv": [14, 2, 15, 5], "rotation": 270, "texture": "#0"}
			}
		},
		{
			"from": [5.25, 7.25, 9.65],
			"to": [7.25, 8.25, 9.65],
			"rotation": {"angle": 22.5, "axis": "z", "origin": [7.75, 8.75, 9.15]},
			"faces": {
				"north": {"uv": [15, 2, 16, 4], "rotation": 90, "texture": "#0"},
				"east": {"uv": [15, 2, 16, 4], "texture": "#0"},
				"south": {"uv": [15, 2, 16, 4], "rotation": 270, "texture": "#0"},
				"west": {"uv": [15, 2, 16, 4], "rotation": 180, "texture": "#0"},
				"up": {"uv": [15, 2, 16, 4], "rotation": 270, "texture": "#0"},
				"down": {"uv": [15, 2, 16, 4], "rotation": 270, "texture": "#0"}
			}
		},
		{
			"from": [5.25, 9.25, 9.65],
			"to": [7.25, 10.25, 9.65],
			"rotation": {"angle": 22.5, "axis": "z", "origin": [7.75, 8.75, 9.15]},
			"faces": {
				"north": {"uv": [15, 2, 16, 4], "rotation": 90, "texture": "#0"},
				"east": {"uv": [15, 2, 16, 4], "texture": "#0"},
				"south": {"uv": [15, 2, 16, 4], "rotation": 270, "texture": "#0"},
				"west": {"uv": [15, 2, 16, 4], "rotation": 180, "texture": "#0"},
				"up": {"uv": [15, 2, 16, 4], "rotation": 270, "texture": "#0"},
				"down": {"uv": [15, 2, 16, 4], "rotation": 270, "texture": "#0"}
			}
		},
		{
			"from": [3.25, 9.25, 9.65],
			"to": [5.25, 11.25, 9.65],
			"rotation": {"angle": 22.5, "axis": "z", "origin": [7.75, 8.75, 9.15]},
			"faces": {
				"north": {"uv": [12, 0, 14, 2], "rotation": 90, "texture": "#0"},
				"east": {"uv": [12, 0, 14, 2], "texture": "#0"},
				"south": {"uv": [14, 0, 12, 2], "rotation": 270, "texture": "#0"},
				"west": {"uv": [12, 0, 14, 2], "rotation": 180, "texture": "#0"},
				"up": {"uv": [12, 0, 14, 2], "rotation": 270, "texture": "#0"},
				"down": {"uv": [12, 0, 14, 2], "rotation": 270, "texture": "#0"}
			}
		},
		{
			"from": [4.25, 11.25, 9.65],
			"to": [5.25, 12.25, 9.65],
			"rotation": {"angle": 22.5, "axis": "z", "origin": [7.75, 8.75, 9.15]},
			"faces": {
				"north": {"uv": [11, 1, 12, 2], "rotation": 90, "texture": "#0"},
				"east": {"uv": [11, 1, 12, 2], "texture": "#0"},
				"south": {"uv": [11, 1, 12, 2], "rotation": 270, "texture": "#0"},
				"west": {"uv": [11, 1, 12, 2], "rotation": 180, "texture": "#0"},
				"up": {"uv": [11, 1, 12, 2], "rotation": 270, "texture": "#0"},
				"down": {"uv": [11, 1, 12, 2], "rotation": 270, "texture": "#0"}
			}
		},
		{
			"from": [5.25, 10.25, 9.65],
			"to": [6.25, 11.25, 9.65],
			"rotation": {"angle": 22.5, "axis": "z", "origin": [7.75, 8.75, 9.15]},
			"faces": {
				"north": {"uv": [14, 1, 15, 2], "rotation": 90, "texture": "#0"},
				"east": {"uv": [14, 1, 15, 2], "texture": "#0"},
				"south": {"uv": [14, 1, 15, 2], "rotation": 270, "texture": "#0"},
				"west": {"uv": [14, 1, 15, 2], "rotation": 180, "texture": "#0"},
				"up": {"uv": [14, 1, 15, 2], "rotation": 270, "texture": "#0"},
				"down": {"uv": [14, 1, 15, 2], "rotation": 270, "texture": "#0"}
			}
		},
		{
			"from": [4.25, 8.25, 9.65],
			"to": [5.25, 9.25, 9.65],
			"rotation": {"angle": 22.5, "axis": "z", "origin": [7.75, 8.75, 9.15]},
			"faces": {
				"north": {"uv": [14, 1, 15, 2], "rotation": 90, "texture": "#0"},
				"east": {"uv": [14, 1, 15, 2], "texture": "#0"},
				"south": {"uv": [14, 1, 15, 2], "rotation": 270, "texture": "#0"},
				"west": {"uv": [14, 1, 15, 2], "rotation": 180, "texture": "#0"},
				"up": {"uv": [14, 1, 15, 2], "rotation": 270, "texture": "#0"},
				"down": {"uv": [14, 1, 15, 2], "rotation": 270, "texture": "#0"}
			}
		}
	],
	"display": {
		"thirdperson_righthand": {
			"rotation": [0, 90, 0],
			"translation": [-1.5, 2.25, 1.75]
		},
		"firstperson_righthand": {
			"rotation": [0, 91, 0]
		},
		"gui": {
			"rotation": [0, -29, -40],
			"translation": [-0.5, -1.5, 0]
		}
	},
	"groups": [0, 1, 2,
		{
			"name": "Leave",
			"origin": [8.5, 11.75, 8.65],
			"children": [3, 4, 5, 6, 7, 8, 9]
		},
		{
			"name": "Leave",
			"origin": [8.5, 11.75, 8.65],
			"children": [10, 11, 12, 13, 14, 15, 16]
		}
	]
}