{
	"credit": "Made with Blockbench",
	"texture_size": [32, 32],
	"textures": {
		"1": "block/banana_blaster"
	},
	"elements": [
		{
			"from": [6.5, 9.1, -1.5],
			"to": [9.5, 12.1, 5.5],
			"rotation": {"angle": 0, "axis": "y", "origin": [8.5, 10, 1.1]},
			"faces": {
				"north": {"uv": [4.5, 5.5, 6, 7], "texture": "#1"},
				"east": {"uv": [4, 5.5, 0.5, 7], "texture": "#1"},
				"south": {"uv": [0.5, 5.5, 4, 7], "texture": "#1"},
				"west": {"uv": [0.5, 5.5, 4, 7], "texture": "#1"},
				"up": {"uv": [0.5, 5.5, 4, 7], "rotation": 270, "texture": "#1"},
				"down": {"uv": [0.5, 5.5, 4, 7], "rotation": 270, "texture": "#1"}
			}
		},
		{
			"from": [6.5, 13.1, -1.2],
			"to": [9.5, 13.1, 5.8],
			"rotation": {"angle": 22.5, "axis": "x", "origin": [8.5, 14, 1.4]},
			"faces": {
				"north": {"uv": [0, 2, 2, 4], "texture": "#missing"},
				"east": {"uv": [7.5, 2, 11, 4], "texture": "#missing"},
				"south": {"uv": [5.5, 2, 7.5, 4], "texture": "#missing"},
				"west": {"uv": [2, 2, 5.5, 4], "texture": "#missing"},
				"up": {"uv": [9, 5, 7.5, 1.5], "rotation": 180, "texture": "#1"},
				"down": {"uv": [0.5, 5.5, 4, 7], "rotation": 270, "texture": "#1"}
			}
		},
		{
			"from": [6.5, 8.6, -1.2],
			"to": [9.5, 8.6, 5.8],
			"rotation": {"angle": -22.5, "axis": "x", "origin": [8.5, 9.5, 1.4]},
			"faces": {
				"north": {"uv": [0, 2, 2, 4], "texture": "#missing"},
				"east": {"uv": [7.5, 2, 11, 4], "texture": "#missing"},
				"south": {"uv": [5.5, 2, 7.5, 4], "texture": "#missing"},
				"west": {"uv": [2, 2, 5.5, 4], "texture": "#missing"},
				"up": {"uv": [4, 7, 0.5, 5.5], "rotation": 270, "texture": "#1"},
				"down": {"uv": [7.5, 1.5, 9, 5], "rotation": 180, "texture": "#1"}
			}
		},
		{
			"from": [6, 7.2, 2.8],
			"to": [10, 11.2, 9.8],
			"rotation": {"angle": 22.5, "axis": "x", "origin": [8, 9.2, 7.3]},
			"faces": {
				"north": {"uv": [4.5, 3, 6.5, 5], "texture": "#1"},
				"east": {"uv": [0.5, 3, 4, 5], "texture": "#1"},
				"south": {"uv": [4.5, 3, 6.5, 5], "texture": "#1"},
				"west": {"uv": [0.5, 3, 4, 5], "texture": "#1"},
				"up": {"uv": [7.5, 1.5, 9.5, 5], "texture": "#1"},
				"down": {"uv": [10, 1.5, 12, 5], "texture": "#1"}
			}
		},
		{
			"from": [7, 5.9, 8.5],
			"to": [9, 7.9, 13.5],
			"rotation": {"angle": 45, "axis": "x", "origin": [8, 6.9, 11]},
			"faces": {
				"north": {"uv": [0, 0, 1, 1], "texture": "#missing"},
				"east": {"uv": [3, 1, 0.5, 2], "texture": "#1"},
				"south": {"uv": [3.5, 1, 4.5, 2], "texture": "#1"},
				"west": {"uv": [0.5, 1, 3, 2], "texture": "#1"},
				"up": {"uv": [3, 1, 0.5, 2], "rotation": 270, "texture": "#1"},
				"down": {"uv": [0.5, 1, 3, 2], "rotation": 270, "texture": "#1"}
			}
		}
	],
	"display": {
		"gui": {
			"rotation": [4, -118, 4],
			"translation": [-2, -0.75, 0]
		},
		"fixed": {
			"rotation": [12, 91, -14],
			"translation": [2.25, -1.5, 0]
		}
	}
}