{
   "providers": [
      {
         "type": "bitmap",
         "file": "minecraft:custom/adminteam.png",
         "ascent": 9,
         "height": 9,
         "chars": ["\uE000"]
      },

{
         "type": "bitmap",
         "file": "minecraft:custom/redteam.png",
         "ascent": 9,
         "height": 9,
         "chars": ["\uE001"]
      },

{
         "type": "bitmap",
         "file": "minecraft:custom/orangeteam.png",
         "ascent": 9,
         "height": 9,
         "chars": ["\uE002"]
      },
{
         "type": "bitmap",
         "file": "minecraft:custom/yellowteam.png",
         "ascent": 9,
         "height": 9,
         "chars": ["\uE003"]
      },
{
         "type": "bitmap",
         "file": "minecraft:custom/greenteam.png",
         "ascent": 9,
         "height": 9,
         "chars": ["\uE004"]
      },
{
         "type": "bitmap",
         "file": "minecraft:custom/blueteam.png",
         "ascent": 9,
         "height": 9,
         "chars": ["\uE005"]
      },
{
         "type": "bitmap",
         "file": "minecraft:custom/purpleteam.png",
         "ascent": 9,
         "height": 9,
         "chars": ["\uE006"]
      },
{
         "type": "bitmap",
         "file": "minecraft:custom/noteam.png",
         "ascent": 9,
         "height": 9,
         "chars": ["\uE007"]
      }
	]
}