{
	"credit": "Made with Blockbench",
	"texture_size": [64, 64],
	"textures": {
		"0": "blockbench/button_blue",
		"particle": "blockbench/button_blue"
	},
	"elements": [
		{
			"name": "body",
			"from": [0, 0, 0],
			"to": [16, 4, 16],
			"rotation": {"angle": 0, "axis": "y", "origin": [8, 0, 8]},
			"faces": {
				"north": {"uv": [4, 9.25, 8, 10.25], "texture": "#0"},
				"east": {"uv": [12, 9.25, 16, 10.25], "texture": "#0"},
				"south": {"uv": [4, 9.25, 8, 10.25], "texture": "#0"},
				"west": {"uv": [8, 9.25, 12, 10.25], "texture": "#0"},
				"up": {"uv": [4, 5.25, 8, 9.25], "texture": "#0"},
				"down": {"uv": [8, 5.25, 12, 9.25], "texture": "#0"}
			}
		},
		{
			"name": "body",
			"from": [6, 4, 6],
			"to": [10, 16, 10],
			"rotation": {"angle": 0, "axis": "y", "origin": [8, 0, 8]},
			"faces": {
				"north": {"uv": [1, 1, 2, 4], "texture": "#0"},
				"east": {"uv": [2, 1, 3, 4], "texture": "#0"},
				"south": {"uv": [3, 1, 4, 4], "texture": "#0"},
				"west": {"uv": [0, 1, 1, 4], "texture": "#0"},
				"up": {"uv": [1, 0, 2, 1], "texture": "#0"},
				"down": {"uv": [2, 0, 3, 1], "texture": "#0"}
			}
		},
		{
			"name": "body2",
			"from": [0, 14.96593, 5.25882],
			"to": [16, 19.96593, 21.25882],
			"rotation": {"angle": -22.5, "axis": "x", "origin": [8, 0, 12]},
			"faces": {
				"north": {"uv": [4, 5.25, 8, 4], "texture": "#0"},
				"east": {"uv": [8, 5.25, 12, 4], "texture": "#0"},
				"south": {"uv": [12, 5.25, 16, 4], "texture": "#0"},
				"west": {"uv": [0, 5.25, 4, 4], "texture": "#0"},
				"up": {"uv": [4, 4, 8, 0], "texture": "#0"},
				"down": {"uv": [8, 4, 12, 0], "texture": "#0"}
			}
		},
		{
			"name": "body3",
			"from": [4, 18.75, 9],
			"to": [12, 22.75, 17],
			"rotation": {"angle": -22.5, "axis": "x", "origin": [8, 1, 12]},
			"faces": {
				"north": {"uv": [2, 12.25, 4, 13.25], "texture": "#0"},
				"east": {"uv": [4, 12.25, 6, 13.25], "texture": "#0"},
				"south": {"uv": [6, 12.25, 8, 13.25], "texture": "#0"},
				"west": {"uv": [0, 12.25, 2, 13.25], "texture": "#0"},
				"up": {"uv": [2, 10.25, 4, 12.25], "texture": "#0"},
				"down": {"uv": [4, 10.25, 6, 12.25], "texture": "#0"}
			}
		}
	],
	"display": {
		"head": {
			"translation": [0, -33.25, 0],
			"scale": [1.3, 1.3, 1.3]
		}
	}
}