{
	"credit": "Made with Blockbench",
	"texture_size": [64, 64],
	"textures": {
		"0": "blockbench/texture_0",
		"1": "blockbench/texture_1",
		"2": "blockbench/texture_2",
		"3": "blockbench/texture_3",
		"4": "blockbench/texture_4",
		"5": "blockbench/texture_5",
		"6": "blockbench/texture_6",
		"7": "blockbench/texture_7",
		"8": "blockbench/texture_8",
		"9": "blockbench/texture_9",
		"particle": "blockbench/texture_0"
	},
	"elements": [
		{
			"name": "head",
			"from": [6, 12, 6],
			"to": [10, 16, 10],
			"rotation": {"angle": 22.5, "axis": "x", "origin": [8, 12, 8]},
			"faces": {
				"north": {"uv": [2, 2, 4, 4], "texture": "#0"},
				"east": {"uv": [0, 2, 2, 4], "texture": "#0"},
				"south": {"uv": [6, 2, 8, 4], "texture": "#0"},
				"west": {"uv": [4, 2, 6, 4], "texture": "#0"},
				"up": {"uv": [2, 0, 4, 2], "texture": "#0"},
				"down": {"uv": [4, 0, 6, 2], "texture": "#0"}
			}
		},
		{
			"name": "hat",
			"from": [5.9, 12, 5.9],
			"to": [10.1, 16.2, 10.1],
			"rotation": {"angle": 22.5, "axis": "x", "origin": [8, 12, 8]},
			"faces": {
				"north": {"uv": [10, 2, 12, 4], "texture": "#0"},
				"east": {"uv": [8, 2, 10, 4], "texture": "#0"},
				"south": {"uv": [14, 2, 16, 4], "texture": "#0"},
				"west": {"uv": [12, 2, 14, 4], "texture": "#0"},
				"up": {"uv": [9.25, 0, 11.25, 2], "texture": "#0"},
				"down": {"uv": [11.75, 0, 13.75, 2], "texture": "#0"}
			}
		},
		{
			"name": "body",
			"from": [6, 6, 7],
			"to": [10, 12, 9],
			"rotation": {"angle": 0, "axis": "y", "origin": [14, 14, 15]},
			"faces": {
				"north": {"uv": [5, 5, 7, 8], "texture": "#0"},
				"east": {"uv": [4, 5, 5, 8], "texture": "#0"},
				"south": {"uv": [8, 5, 10, 8], "texture": "#0"},
				"west": {"uv": [7.25, 5, 8, 8], "texture": "#0"},
				"up": {"uv": [5, 4, 7, 5], "texture": "#0"},
				"down": {"uv": [7, 4, 9, 5], "texture": "#0"}
			}
		},
		{
			"name": "vest",
			"from": [5.9, 6, 6.9],
			"to": [10.1, 12.2, 9.1],
			"rotation": {"angle": 0, "axis": "y", "origin": [14, 14, 15]},
			"faces": {
				"north": {"uv": [5, 9, 7, 12], "texture": "#0"},
				"east": {"uv": [4, 9, 5, 12], "texture": "#0"},
				"south": {"uv": [8, 9, 10, 12], "texture": "#0"},
				"west": {"uv": [7.25, 9, 8, 12], "texture": "#0"},
				"up": {"uv": [5, 8, 7, 9], "texture": "#0"},
				"down": {"uv": [7, 8, 9, 9], "texture": "#0"}
			}
		},
		{
			"name": "armright",
			"from": [10, 11, 7],
			"to": [12, 17, 9],
			"rotation": {"angle": -22.5, "axis": "z", "origin": [12, 11, 8]},
			"faces": {
				"north": {"uv": [11, 5, 12, 8], "rotation": 180, "texture": "#0"},
				"east": {"uv": [12, 5, 13, 8], "rotation": 180, "texture": "#0"},
				"south": {"uv": [13, 5, 14, 8], "rotation": 180, "texture": "#0"},
				"west": {"uv": [10, 5, 11, 8], "rotation": 180, "texture": "#0"},
				"up": {"uv": [12, 4, 13, 5], "rotation": 180, "texture": "#0"},
				"down": {"uv": [11, 4, 12, 5], "rotation": 180, "texture": "#0"}
			}
		},
		{
			"name": "sleveright",
			"from": [9.9, 10.9, 6.9],
			"to": [12.1, 17.1, 9.1],
			"rotation": {"angle": -22.5, "axis": "z", "origin": [12, 11, 8]},
			"faces": {
				"north": {"uv": [11, 9, 12, 12], "rotation": 180, "texture": "#0"},
				"east": {"uv": [12, 9, 13, 12], "rotation": 180, "texture": "#0"},
				"south": {"uv": [13, 9, 14, 12], "rotation": 180, "texture": "#0"},
				"west": {"uv": [10, 9, 11, 12], "rotation": 180, "texture": "#0"},
				"up": {"uv": [12, 8, 13, 9], "rotation": 180, "texture": "#0"},
				"down": {"uv": [11, 8, 12, 9], "rotation": 180, "texture": "#0"}
			}
		},
		{
			"name": "armleft",
			"from": [4, 11, 7],
			"to": [6, 17, 9],
			"rotation": {"angle": 22.5, "axis": "z", "origin": [4, 11, 8]},
			"faces": {
				"north": {"uv": [9, 13, 10, 16], "rotation": 180, "texture": "#0"},
				"east": {"uv": [10, 13, 11, 16], "rotation": 180, "texture": "#0"},
				"south": {"uv": [11, 13, 12, 16], "rotation": 180, "texture": "#0"},
				"west": {"uv": [8, 13, 9, 16], "rotation": 180, "texture": "#0"},
				"up": {"uv": [10, 12, 11, 13], "rotation": 180, "texture": "#0"},
				"down": {"uv": [9, 12, 10, 13], "rotation": 180, "texture": "#0"}
			}
		},
		{
			"name": "sleveleft",
			"from": [3.9, 10.9, 6.9],
			"to": [6.1, 17.1, 9.1],
			"rotation": {"angle": 22.5, "axis": "z", "origin": [4, 11, 8]},
			"faces": {
				"north": {"uv": [13, 13, 14, 16], "rotation": 180, "texture": "#0"},
				"east": {"uv": [14, 13, 15, 16], "rotation": 180, "texture": "#0"},
				"south": {"uv": [15, 13, 16, 16], "rotation": 180, "texture": "#0"},
				"west": {"uv": [12, 13, 13, 16], "rotation": 180, "texture": "#0"},
				"up": {"uv": [14, 12, 15, 13], "rotation": 180, "texture": "#0"},
				"down": {"uv": [13, 12, 14, 13], "rotation": 180, "texture": "#0"}
			}
		},
		{
			"name": "legleft",
			"from": [6, 0, 7],
			"to": [8, 6, 9],
			"rotation": {"angle": -45, "axis": "x", "origin": [8, 6, 8]},
			"faces": {
				"north": {"uv": [1, 5, 2, 8], "texture": "#0"},
				"east": {"uv": [0, 5, 1, 8], "texture": "#0"},
				"south": {"uv": [3, 5, 4, 8], "texture": "#0"},
				"west": {"uv": [2, 5, 3, 8], "texture": "#0"},
				"up": {"uv": [1, 4, 2, 5], "texture": "#0"},
				"down": {"uv": [2, 4, 3, 5], "texture": "#0"}
			}
		},
		{
			"name": "pantleft",
			"from": [5.9, -0.1, 6.9],
			"to": [8.1, 6.1, 9.1],
			"rotation": {"angle": -45, "axis": "x", "origin": [8, 6, 8]},
			"faces": {
				"north": {"uv": [1, 9, 2, 12], "texture": "#0"},
				"east": {"uv": [0, 9, 1, 12], "texture": "#0"},
				"south": {"uv": [3, 9, 4, 12], "texture": "#0"},
				"west": {"uv": [2, 9, 3, 12], "texture": "#0"},
				"up": {"uv": [1, 8, 2, 9], "texture": "#0"},
				"down": {"uv": [2, 8, 3, 9], "texture": "#0"}
			}
		},
		{
			"name": "legright",
			"from": [8, 5, 2],
			"to": [10, 7, 8],
			"rotation": {"angle": -45, "axis": "x", "origin": [8, 6, 8]},
			"faces": {
				"north": {"uv": [6, 12, 7, 13], "rotation": 180, "texture": "#0"},
				"east": {"uv": [4, 13, 5, 16], "rotation": 270, "texture": "#0"},
				"south": {"uv": [5, 12, 6, 13], "texture": "#0"},
				"west": {"uv": [6, 13, 7, 16], "rotation": 90, "texture": "#0"},
				"up": {"uv": [5, 13, 6, 16], "rotation": 180, "texture": "#0"},
				"down": {"uv": [7, 13, 8, 16], "texture": "#0"}
			}
		},
		{
			"name": "pantright",
			"from": [7.9, 4.9, 1.9],
			"to": [10.1, 7.1, 8.1],
			"rotation": {"angle": -45, "axis": "x", "origin": [8, 6, 8]},
			"faces": {
				"north": {"uv": [2, 12, 3, 13], "rotation": 180, "texture": "#0"},
				"east": {"uv": [0, 13, 1, 16], "rotation": 270, "texture": "#0"},
				"south": {"uv": [1, 12, 2, 13], "texture": "#0"},
				"west": {"uv": [2, 13, 3, 16], "rotation": 90, "texture": "#0"},
				"up": {"uv": [1, 13, 2, 16], "rotation": 180, "texture": "#0"},
				"down": {"uv": [3, 13, 4, 16], "texture": "#0"}
			}
		},
		{
			"name": "CommandBlock1",
			"from": [6, 20, 6],
			"to": [10, 24, 10],
			"rotation": {"angle": 0, "axis": "y", "origin": [8, 22, 8]},
			"faces": {
				"north": {"uv": [0, 0, 16, 16], "texture": "#5"},
				"east": {"uv": [0, 0, 16, 16], "rotation": 90, "texture": "#6"},
				"south": {"uv": [0, 0, 16, 16], "texture": "#4"},
				"west": {"uv": [0, 0, 16, 16], "rotation": 270, "texture": "#6"},
				"up": {"uv": [0, 0, 16, 16], "texture": "#6"},
				"down": {"uv": [0, 0, 16, 16], "rotation": 180, "texture": "#6"}
			}
		},
		{
			"name": "CommandBlock2",
			"from": [0, 19, 6],
			"to": [4, 23, 10],
			"rotation": {"angle": 22.5, "axis": "z", "origin": [2, 21, 8]},
			"faces": {
				"north": {"uv": [0, 0, 16, 16], "texture": "#2"},
				"east": {"uv": [0, 0, 16, 16], "rotation": 90, "texture": "#3"},
				"south": {"uv": [0, 0, 16, 16], "texture": "#1"},
				"west": {"uv": [0, 0, 16, 16], "rotation": 270, "texture": "#3"},
				"up": {"uv": [0, 0, 16, 16], "texture": "#3"},
				"down": {"uv": [0, 0, 16, 16], "rotation": 180, "texture": "#3"}
			}
		},
		{
			"name": "CommandBlock3",
			"from": [12, 19, 6],
			"to": [16, 23, 10],
			"rotation": {"angle": -22.5, "axis": "z", "origin": [14, 21, 8]},
			"faces": {
				"north": {"uv": [0, 0, 16, 16], "texture": "#8"},
				"east": {"uv": [0, 0, 16, 16], "rotation": 90, "texture": "#9"},
				"south": {"uv": [0, 0, 16, 16], "texture": "#7"},
				"west": {"uv": [0, 0, 16, 16], "rotation": 270, "texture": "#9"},
				"up": {"uv": [0, 0, 16, 16], "texture": "#9"},
				"down": {"uv": [0, 0, 16, 16], "rotation": 180, "texture": "#9"}
			}
		}
	],
	"display": {
		"thirdperson_righthand": {
			"rotation": [69, 0, 0]
		},
		"thirdperson_lefthand": {
			"rotation": [69, 0, 0]
		},
		"firstperson_righthand": {
			"scale": [0.5, 0.5, 0.5]
		},
		"firstperson_lefthand": {
			"scale": [0.5, 0.5, 0.5]
		},
		"ground": {
			"translation": [0, 12, 0],
			"scale": [2, 2, 2]
		},
		"gui": {
			"rotation": [0, -180, 0],
			"translation": [0, -2.5, 0]
		},
		"head": {
			"translation": [0, -20.5, 0],
			"scale": [3.25, 3.25, 3.25]
		},
		"fixed": {
			"rotation": [-90, 0, 0],
			"translation": [0, 0, -23],
			"scale": [3.25, 3.25, 3.25]
		}
	}
}